d8addd87-3217-4429-9a01-d56d68111da7,5 pairs,145 New York 9a
f52b07c8-abe4-4f4a-9d39-ba9fc9a184cc,5 pairs,383 Madison Ave
8ba0d2d5-1a31-403e-9fa5-79540f8477f9,5 pairs,287 Pell St
4e71850e-8bbf-4e6b-accc-49a7bb46c586,3 pairs,347 Madison Square N
3bc8f97f-2336-4dab-bd86-e391609dab97,5 pairs,182 Cornelia St
4c10e298-53c8-4009-adda-bbcaecb7e8b6,5 pairs,312 Frawley Cir
5a3ee321-517d-4a21-a351-d6815ab2edd5,5 pairs,301 Fred Douglass Cir
4d895ccf-4877-4f13-8183-13d7d0a20a47,3 pairs,77 Margaret Corbin Dr
39e8a811-75b9-4dc3-bdff-c92b6db0431d,3 pairs,482 Coenties Slip
9d2656a0-d066-4b42-bce1-77825f34ded9,5 pairs,364 De Peyster St
a0ca93b5-a5ed-4660-9a1c-e91c917da388,3 pairs,341 Cleveland Pl
7ab3c987-eafd-4fa6-b8a0-ebd833f12fd2,3 pairs,72 Macombs Pl
d2f438b2-eb8f-4b1d-940c-f2aa46a5e840,3 pairs,331 Kimmel Rd
30232f67-9676-4007-be9a-72738980a344,5 pairs,307 Williamsburg Bridge
021901a5-74ee-482d-9f03-0089d17ff7d6,5 pairs,457 Academy St
1087709c-e97e-45ba-bc06-c907de40bec1,5 pairs,299 Jacobus Pl
2f7666c0-7eed-42ea-9914-f82556f85283,3 pairs,38 Wheeler Ave
18ce5a4a-e47a-4f89-a0ba-a9c827fa9e91,3 pairs,24 West St
9c98c08e-6e5c-472e-961e-472e075cdb28,3 pairs,41 Interstate 495
38e20321-8c72-406c-aed9-5e43e89e3bcf,3 pairs,157 Columbus Ave
92c9b5eb-e170-495e-a920-1ff04d2da780,5 pairs,164 Commerce St
eaac1cab-f307-49b0-9f9d-8d4a8d9e3bc9,3 pairs,407 Chrystie St
a66ce150-52e3-4fff-800a-881e75394ea2,5 pairs,231 William St
b645be99-7725-439b-8bde-7dc01f8af947,5 pairs,169 Shubert Alley
6d6e0935-457d-4ca5-be23-9deb5a39df44,3 pairs,181 Penn Plaza
ad5ec48f-fa2b-4bed-bd23-928d7e412ccc,5 pairs,482 Hester St
77925111-a7be-433e-859f-571e1d20bea5,5 pairs,255 Jackson St
83bd7767-2051-4631-8abd-23336d464449,3 pairs,338 Montgomery St
4fdc6b73-08e7-4238-b317-2e4b99e4b04c,3 pairs,305 Baxter St
0caaed80-644a-4e08-bf8d-bcd6ff02d1fa,5 pairs,341 Orchard St
41b7fe68-fd92-4f85-b0d9-87792ea99625,5 pairs,304 Attorney St
2607ec71-5e3f-41a6-9037-f4066d4876a4,3 pairs,240 Fort Charles Pl
af7afcf3-5bfd-4512-80c1-285cd8a23cef,3 pairs,27 Willis Ave Bridge
cc6b6187-1926-4acb-a4ac-265d58258806,5 pairs,199 King Ave
42a10922-2d7d-44e6-961c-bfff8f464ff2,5 pairs,428 Willett St
16560039-dac8-4ea4-871c-caf79ff02ca9,5 pairs,0 Columbia St
1a0efe31-3d51-4c3f-ba3c-dbadef431651,5 pairs,337 Szold Pl
fee44777-bbd7-44ea-8102-291c89d0519b,3 pairs,287 Audubon Ave
4a438820-5804-4dff-9222-c8599b19599e,5 pairs,478 Pomander Walk
49069626-4d1d-4d13-8b2f-af76d84f461b,3 pairs,112 Owasco Rd
3138f7e9-c03c-40af-bfda-69357ce0e6db,5 pairs,353 Rutgers St
ec3f1961-8ae3-4b0f-90c3-ca427a2b8b2a,3 pairs,115 Post Ave
04f8b549-42ab-4de3-b332-a74317091867,5 pairs,419 West St
43fc2b6c-f477-4f20-9990-eaf024aa63bf,5 pairs,22 Frederick Douglass Cir
88cd98bb-9434-49ad-82b0-bb1ae6112d7d,5 pairs,400 Washington Mews
f926c9d5-1ef6-4a61-8e9c-8fb30a3d43ea,5 pairs,76 Ridge St
05e5bba5-bdfd-4960-8d8e-925856cb65ee,3 pairs,377 Plaza Lafayette
968d3a5e-d235-4617-9fb7-0d6bccf89733,5 pairs,130 Spring St
fe9100ec-9070-4ac8-972c-267325ba3809,3 pairs,274 Szold Pl
92e51825-7b9f-4e31-a071-b7f1696ac676,5 pairs,181 La Salle St
12a5989c-6570-4ae3-8ed2-a7cb5ea9a401,5 pairs,395 Marble Hill Ln
f7f2dbff-4e8f-4b5c-b443-b54bad9ef9ae,5 pairs,255 Orchard St
102db10a-e5ad-4072-b015-bea66de78de9,3 pairs,178 Roosevelt Island Bridge
4e8118dc-bb3d-49bf-85fc-cca8d83232ac,3 pairs,14 Milligan Pl
aabaeafd-5332-4ba2-8b6a-b04268fbe146,3 pairs,426 Washington Mews
4c5c02f3-563d-4e3c-994a-5e0faf0e1611,5 pairs,107 Lillian Wald Dr
9c9bb425-bc87-407e-972f-8a305603720b,3 pairs,282 Kenmare St
583accf5-d9b2-46ad-83bd-f3b635ed8948,5 pairs,169 Dyckman St
c6506c5a-6cc7-4848-8c63-866d44a29a1c,3 pairs,231 Church St
6fbe5f5a-c0cb-4279-843f-458aa16ccbce,5 pairs,129 West St
2ee7a146-c11b-4c56-bbc8-d3bff5974816,3 pairs,231 Peter Cooper Rd
66a4a0c2-1978-4ff9-a1d2-4fa911f989f3,3 pairs,9 Grove St
4aa8f065-8911-489c-b9b2-92e8da1d08a9,3 pairs,34 Rose St
986929b4-455c-4aa7-84c6-380d3c6bbc98,3 pairs,99 Division St
91690c60-d79c-4515-9885-0acc1e2f73cf,5 pairs,99 Henry St
24ffbce6-5652-4c41-9dab-8b3d4555b8be,5 pairs,52 Queens Midtown Tunnel
17c1bb3c-fd86-47e7-a914-7e85ef909747,3 pairs,109 Mercer St
d1d2936e-07ec-4e40-a43e-fbd4d0f28082,3 pairs,377 Dover St
b2003adf-e205-4da7-ab73-659a29c986a4,3 pairs,98 St Nicholas Pl
0176bfb3-9c51-4b1c-b593-87edab3c54cb,3 pairs,19 Overlook Terrace
14196cde-c1bf-4df8-b40d-7ac69983e1b8,3 pairs,61 Manhattan
4b591cb4-b801-4738-870a-77cd186544ee,5 pairs,282 Abraham Kazan St
ec28c33e-00ae-46ca-b72e-5f18dcb008f1,3 pairs,171 Beekman St
ee2c37da-8ab2-4664-aa0f-f4e03471de99,3 pairs,84 Freeman Alley
1ea87d60-be37-42cf-8c5d-8ce3d79da679,3 pairs,338 Harlem River Dr
f132d468-fea5-4a70-ba9d-0bf08a368876,3 pairs,187 Minetta Ln
5b8c595e-70e0-45a2-938a-1fe1c729cd6c,3 pairs,329 Mc Kenna Square
9641b099-f178-4015-b004-ac85ebb9aa2e,5 pairs,199 Market St
2a09b682-4862-456d-afc4-6051917052ca,3 pairs,55 Brooklyn Bridge
6f1541c9-3041-4289-bce1-ab8f62b53a78,5 pairs,104 Yeaton Rd
cbafc3bf-4696-4268-8a38-3ecb5814a896,5 pairs,139 Fort Washington Ave
a8c2bae2-5075-4ab6-8d99-afc20a8b8ea7,5 pairs,188 Convent Ave
fc2af6bb-d268-479b-b9fa-d5e5be3b3a10,5 pairs,191 Broadway
80ab8d22-334b-435b-aa35-b0195cfca998,5 pairs,219 Leroy St
b429fe52-1caf-4fd7-ada1-9ff955769156,5 pairs,68 Washington Square S
bd89b0b6-c0d5-4b14-8677-39edc7086422,5 pairs,176 Kimmel Rd
e9198ac6-85de-470c-b8ed-19e95848bae2,3 pairs,279 Pitt St
1a0ee7db-5ab8-429f-9f30-d56e3389b88f,5 pairs,349 Grove Ct
9b583ca1-27f0-4680-b64e-b8b92e53db51,5 pairs,5 Riverside Dr
f5d7e70a-c5f6-4f97-becb-e2c77fa22fbd,3 pairs,153 Pike Slip
de482c6c-565c-4a4c-b55c-3513146fcfbb,5 pairs,50 Bank St
f9665659-5c90-46d7-b940-500598298938,5 pairs,187 Park Terrace W
69ade01c-157e-4e7f-8f93-8b7ee7917011,5 pairs,209 Stone St
2926c32d-a98f-4f67-ab83-fe9e98e6a66f,3 pairs,119 Absecon Rd
9892423f-c6b0-4473-a262-c8ebdad01ad0,3 pairs,141 Manhattan
5e724e1a-467c-4a92-a4f0-ee5a25597062,5 pairs,443 Gouverneur Slip E
dede7d74-a1bf-4a2f-aebc-7e834e59f7e0,5 pairs,209 Carlisle St
1b9c8b0e-3b7a-4d57-b196-d53dd1b52c05,3 pairs,393 Hudson St
1627312b-2852-4a4e-8258-d046facaeeb2,3 pairs,15 Prince St
1139a085-c06a-4292-af6f-1a7e8c9c0ab3,5 pairs,287 Carmine St
af1fe1c8-6525-4c22-943c-0c3c64901fd7,5 pairs,252 Kimmel Rd
56cdc793-cc7b-483d-b779-b4cbfd29e661,3 pairs,130 York Ave
f51e41d3-66b7-49bf-a508-482544eb847f,3 pairs,325 Bear Rd
833fbffc-2961-4e1e-80be-cb9156d61196,3 pairs,79 Grand Army Plaza
b71acb13-2137-49e1-9d85-e2ce4974e23e,5 pairs,405 Horatio St
62007d9e-cbee-4d79-9ae1-98b0a52abc02,3 pairs,182 Wheeler Ave
1fb7807d-21c5-40db-9632-58fea147adad,3 pairs,155 Franklin St
da27fbd0-7cd3-4f1e-b52b-dc73bc9e41dd,5 pairs,453 Grand St
5a0d8571-ea82-4ea9-adb1-08b813486a3f,5 pairs,142 Avenue Of The Strongest
7e394425-4c1c-499c-ad9d-af446cf57953,3 pairs,225 St Lukes Pl
b7e63818-4b33-45e4-a682-759d078e2e93,5 pairs,365 Icarus Rd
22f1e218-8bc0-4d1d-b122-1379c28c4545,5 pairs,464 Washington Bridge
d930b073-ae0b-4556-8ad9-17a9fef8629c,5 pairs,215 Wyckoff Ave
0996d551-f7db-4f7d-b6e6-98d67455b43d,5 pairs,349 Suffolk Street Community Garden
93770f80-a457-4581-87cb-adb4ea31aaf2,3 pairs,280 Greenwich Ave
875670e0-afc0-466f-ab57-3b791189c3c0,5 pairs,46 Frawley Cir
a515b5ab-a955-4992-be1d-2af70ce95144,5 pairs,12 Audubon Ave
de562053-892f-4730-bd6a-be3e2c1f42e9,5 pairs,423 Macdougal St
b9953466-8204-46a7-985d-6d3d1d5e982b,5 pairs,289 Stuyvesant Walk
191825f0-b4d5-49c1-ac99-0f952f61ddb1,5 pairs,495 John St
9a90147c-27d8-443a-80d5-605de356cb0a,3 pairs,476 Weehawken St
39fe1b9f-caae-4985-ad6e-0df929e1d8f5,5 pairs,170 Hamilton Terrace
2d4fd61f-54ad-4bb0-81f2-4cc070584ed0,5 pairs,392 Allen St
9b937f53-5751-4770-b27e-4e915ccae1e1,3 pairs,283 Fletcher St
46f195a5-3d5e-4c6a-adff-9bf11a59971c,3 pairs,420 Wall St
c70e9be0-7c3b-45e6-851c-e35891c1e29c,3 pairs,234 Craig Rd N
3fd325d6-5bbd-4547-b085-5b286b890431,5 pairs,410 Gramercy Park E
6cb2953d-003d-4397-964c-7341e5afe84f,5 pairs,259 West End Ave
d6b93748-85a1-4949-b70e-e6f99a2431f5,3 pairs,254 Randalls Is Rd
693e5ca9-9c5f-41c7-ae80-2ad586d7faf0,5 pairs,451 Morningside Dr
97bacd9b-5fa3-4317-9ad1-82e9b0414622,5 pairs,495 Sheridan Square
bedef0cb-4b9b-4237-af94-da05ff7e0480,5 pairs,206 Main St
759f300f-3c9a-4c9a-9bc7-efe7e45e5339,3 pairs,396 North End Ave
15b1503c-b3cb-4c35-88c3-3ae82f725d17,3 pairs,146 Bridge St
f92f63d7-881e-4e29-9874-c2329be5cd9d,5 pairs,8 Amsterdam Ave
2a71e53a-c9f2-4dcb-b02f-6a76d65f10ec,5 pairs,346 Delancey St
26202451-4bd3-4253-9d1e-ff27ace3847c,3 pairs,329 Mc Nally Plaza
c292cc97-453b-41c1-b6ae-037979f904ab,5 pairs,189 Barrow St
1cd27840-5cd6-4d9d-86d4-ec0a254b1ec9,3 pairs,133 Wheeler Ave
e3aed48d-a940-4b25-a0e4-15a78f6a7cd2,3 pairs,26 Jones St
595e5e01-c257-4b60-9927-26368c5ac686,5 pairs,478 Riverside Dr
1d85f9ba-898e-42a1-9f08-02a03fe1a120,5 pairs,186 Marketfield St
a1a5bea8-80b5-4abe-9be1-ea3e82fc35e4,3 pairs,17 Sylvan Pl
71d26ce7-efee-4a85-8866-96d6639674bc,3 pairs,348 Gracie Square
25cf034a-6e32-4ba8-83b0-b990cd1646b1,5 pairs,274 Chincoteague Rd
4ab4bb1a-c803-4b1c-a9cf-ad81af770c71,5 pairs,222 Nassau St
dd5e7acb-ae7b-41be-9b05-470f0a3bbb8a,5 pairs,400 Lenox Terrace Pl
5d9e5c70-9f42-4304-bd34-23ab70a79d34,3 pairs,223 Doyers St
767ac41f-e89f-47d1-b343-48d6353a1fe8,5 pairs,73 Perry St
20dce5ff-bd55-43f5-b99c-9208e142bd79,3 pairs,107 Greene Ave
6f62501a-5aea-48ab-a27f-7d3877b7426e,3 pairs,137 Jackson St
6df79eca-281c-4719-827c-30bf48a0d874,3 pairs,270 Charlton St
3eb7f7ba-ae0c-4609-863a-d5a651c54b54,5 pairs,47 Rutgers Slip
8f5b84ff-8950-4145-a6ed-26154e958858,5 pairs,308 Charles Ln
330a14d8-0258-444a-a3e3-316aa6d107dc,3 pairs,61 Greene St
34b6ad2a-d76b-4e75-afad-e4b19b15dc36,5 pairs,21 Great Jones Alley
d84aeb54-efaf-49e0-894a-094790a91389,3 pairs,109 Colonel Robert Magaw Pl
b9da7206-4d4e-4ecf-bd32-51e47dc7971f,5 pairs,45 Monroe St
18a749f7-0d5b-4a7e-9786-8d67dd110ba5,3 pairs,187 Sheriff St
410828d9-1901-4835-8373-ba614ca01a2a,3 pairs,218 Lincoln Center Plaza
286e3c25-b76e-4f5e-98fb-564122c98382,5 pairs,16 Coenties Alley
a06379fc-82ca-477c-a77d-8a8ee5eee28c,3 pairs,166 South End Ave
a316316f-f2a6-4907-80da-8966984e09a0,3 pairs,140 Avenue A
2f30c548-a367-485c-81bd-e3efae01f449,3 pairs,472 Washington Pl
7e020e7b-6ceb-4514-983a-6f47c0c2cba3,3 pairs,121 Willett St
140deb2a-f822-4b67-b5c8-db30daaba807,5 pairs,160 Centre St
e47e7e57-b766-4cae-a054-0ad95dff33ea,5 pairs,321 Hwy 9
62289618-9d4e-428d-885c-8c676ff534bf,3 pairs,405 Bernard Baruch Way
7dc1d704-ff9f-49c5-9cd9-2b9609953e9f,3 pairs,387 Coenties Alley
ac7afbad-bac6-4d38-93a2-ce59230162f0,5 pairs,412 Market St
2a552ec1-34a1-4c26-b99c-d2639a3c96ee,3 pairs,167 Wall St
7c8ef92e-f0bd-49ab-a39c-80202d5887dd,5 pairs,372 William St
4360f1b0-7ee4-44ee-a25e-4fb548fead79,3 pairs,419 Lewis St
6b2c81f0-3d31-4f8c-ae3e-25998d487682,3 pairs,417 Columbus Cir
dd5bd118-d8bc-4020-ac98-d4647b7c9569,5 pairs,424 Leonard St
b5e4525f-a92e-4b8b-a63c-fa71279621e5,3 pairs,289 W Rd
b4cbb2e0-c3c7-4330-b75c-7903e75f7296,5 pairs,138 Lenox Ave
7489dc66-18c6-4d33-98b0-b524811dc5d7,5 pairs,57 Charles St
b74d1d25-bdd9-429e-a917-eeea0b88c880,3 pairs,89 Washington St
f7ef84b7-2c32-42bc-afe9-762d0ebad2d9,5 pairs,309 Seminary Row
017506f7-aba1-4b9d-8b7b-f4426e71b8ca,3 pairs,474 St Nicholas Terrace
674a8417-2553-4cc5-a434-208aaeb6f86d,3 pairs,303 Interstate 495
6bd99636-214a-4819-892a-0dc305a27d22,3 pairs,411 Washington St
7a0f4ea2-3392-4ca7-bb82-d5c1f4575807,3 pairs,101 Fort George Hill
cb8c3848-5fa4-40b1-97aa-25eab9a44411,5 pairs,112 Wheeler Ave
9a48440f-2358-4fa3-bb91-cff7bd17d1d2,3 pairs,262 Peter Cooper Rd
fa959630-431a-480e-b320-7c5bc342da3b,5 pairs,476 Cardinal Hayes Pl
20b03d28-d39c-46cf-81af-9fb479e823c0,5 pairs,96 Sherman Ave
bf318ab8-b3b2-4555-8e15-d7c102472f60,3 pairs,279 Centre Market Pl
1c984407-1ee3-4add-991d-81a3fe8df8df,5 pairs,319 Kimmel Rd
ab86470d-c728-4ec8-819c-7bb2e983a0fb,3 pairs,316 Adam Clayton Powell Jr Blvd
26624b9d-da00-4534-9b0e-c2f9b392d916,3 pairs,365 Rutgers Slip
b6f47bc3-f3ff-442a-ac66-aed423e63308,3 pairs,169 Barry Rd
e61736af-9dd5-421c-9cb1-272c8d956fd7,5 pairs,58 Tampa Rd
533dc06a-134a-4989-9e09-76de695f8a21,3 pairs,74 Grove St
aeef8b50-19af-494b-95c4-5ba83ce57e12,5 pairs,116 Park Terrace W
1dba5d40-0a4f-49a4-b10e-9253640a8c56,3 pairs,483 St Nicholas Terrace
b9556d59-9f82-45ba-a278-81e5e3fc3106,5 pairs,359 Bank St
f2777885-6f35-4997-93c9-216804b4d39e,3 pairs,316 Minetta St
09dec8d4-fa25-494b-9808-bd0aa15d9dd6,3 pairs,71 Cathedral Pkwy
d7f95870-7094-4f83-a3c7-a9a68af58d3f,3 pairs,23 Catherine Ln
3fdcd3da-7bbd-47c9-bd24-38e7a07ca180,3 pairs,202 Rutherford Pl
03a9cb45-e620-43f0-a633-ce406034dd94,5 pairs,3 Willis Ave Bridge
9faad619-d15b-48ad-a8b6-eaae68ef40e0,5 pairs,408 Pearl St
fdd0cc7d-b9fc-404e-9d95-f69b230d2e72,3 pairs,182 Absecon Rd
2870bc1d-b0c2-44e8-bc7f-f5fc359a04e8,3 pairs,450 Short Ave
4ea68e72-d90c-4a2c-a37d-f44eda66ad71,3 pairs,456 Brooklyn Battery Tunnel
cdb288f8-e79a-4be1-818b-eb436468eca1,3 pairs,143 Riverside Dr
66e1d656-c03e-46e5-984d-cccea975a780,5 pairs,182 De Peyster St
0cd6a1a2-8f99-4303-81fd-69f31478ef09,5 pairs,369 Gramercy Park N
a43564ec-1885-4a0d-a885-5355923f0d5b,3 pairs,52 West St
194a134a-a052-4ce6-ac6c-d8d942e7269e,3 pairs,15 Freedom Pl
70d733ad-46b2-446c-a8f0-11c6af5958d4,3 pairs,27 Coenties Slip
c3ab6fcb-56e3-421c-a884-f51265e0d03a,5 pairs,23 Charles St
e443c4da-d6ad-4cab-9cb4-fe05d8082928,3 pairs,249 Pike St
5591f777-ec64-412b-a05f-f9e5aa151e9e,5 pairs,238 Albany St
6e8ff56d-c63c-43a5-ad0c-482f9c46a629,5 pairs,139 Bloomfield St
448be0b6-bdf9-45d1-8b46-2ea4d57dd77d,5 pairs,439 Cortlandt St
5e368344-49e6-4be6-a825-d82e4575cc34,5 pairs,377 Sutton Square
e1747ed0-8412-424b-bd04-d5036757e225,5 pairs,359 Cooper Square
8db3f9cf-daca-4b4d-b244-8409c0d61cdd,3 pairs,309 Hay Rd
6ee7e098-0644-4644-b9ef-3c7e94b5d2c4,3 pairs,169 Sylvan Terrace
47b60960-820c-4e77-8595-2e2e31d77182,5 pairs,32 Marginal St
01fdf106-f73c-4d3f-a036-2f3e2ab1ce06,3 pairs,12 Seaman Ave
bc9fe308-7620-40c6-a46f-06d55250bd3f,3 pairs,319 Academy St
c1064eec-56f1-48f6-8e0e-5b73dce35c93,3 pairs,379 Barry Rd
7e0a4de1-1e5f-4e9a-b49f-2d8121572646,5 pairs,399 Division St
f78d9349-06ad-42e0-a065-bc95ad5baac3,3 pairs,481 Jumel Terrace
0d403af1-59fd-48bc-8e97-5a6835c4bb78,5 pairs,224 Madison Ave Bridge
8aedc5be-b0d6-4513-9a2c-b07f8c94ebd7,3 pairs,282 Liberty St
97657049-f9e2-4618-abc7-4fc36c5bbba7,5 pairs,384 Pike St
805fc874-23db-45be-88aa-8f53bcf07f09,5 pairs,173 Mt Morris Park W
f59a14f6-c2d4-4e09-a907-3bb95d683a78,3 pairs,176 Gracie Square
7965fcad-6f14-41ed-9a1f-61580c9cd665,3 pairs,426 Avenue B
e770d281-e093-41f9-9cd7-edbc9e472861,3 pairs,149 Division St
2cc56e4b-bad8-4d33-a908-045f776fbed6,5 pairs,302 Mill Ln
871a58c8-18aa-43c2-b314-6af6dd525699,3 pairs,130 Washington Mews
76cd48c4-cf1e-4f30-becf-83a33374b025,3 pairs,30 Washington Square N
96118625-9376-4c2a-90d3-a649cb5e6953,5 pairs,369 Craig Rd N
00a9dd17-36c8-430c-9d76-df49d4197dcf,5 pairs,247 Avenue Of The Finest
fb2dcd59-410d-4b0d-8d5f-674723f7c204,5 pairs,215 Grand Army Plaza
aa8bdcd6-d37e-45ae-8767-7089abbdcecb,3 pairs,477 John St
adcdcb92-1579-4b4a-a4d8-d2174ce13f58,5 pairs,246 Renwick St
0fca3d2f-a32a-44b7-8eef-a64afa0a6c83,3 pairs,133 Worth St
677b4128-58f9-434e-acf4-2eeead657004,5 pairs,212 Mac Dougal Alley
64480f56-f32c-4580-896d-7c2738169b60,5 pairs,332 Jackson St
805e652f-d06a-4946-9038-405a61570495,5 pairs,292 King Ave
dfded8d9-97d0-485a-857e-df24e7d889ac,5 pairs,466 N Moore St
bad00102-a299-4497-9d28-6189eb0abb01,3 pairs,178 N Moore St
19059a07-c577-40e4-8440-8212fdde1d79,3 pairs,119 Brooklyn Battery Tunnel
dd3284f9-5d92-489a-98c6-73acb5e668f5,3 pairs,92 Front St
9ceabd80-38ce-4c64-9ba6-d136e7a7f5fa,3 pairs,272 Beach St
421b4f3d-8824-4d3d-b225-214f6a6193dd,3 pairs,440 Greenwich Ave
9af6b30b-db58-48d8-931f-078b9f7ea8f0,3 pairs,397 W Houston St
e86189f6-54ae-40f2-b9fb-c4bff706ce12,5 pairs,170 Isham St
6869ff00-3e8f-4d8e-aec0-c262bc42742d,5 pairs,237 Interstate 678
4bc6829b-6ac2-49e2-84e9-119842f82a16,3 pairs,108 Carmine St
6deeee3f-24a1-4e10-848e-e60126cfb065,5 pairs,141 Central Park West
f3718838-52e3-4f7c-b795-b4109c57d9df,5 pairs,158 Franklin St
671ef5d6-ee99-48f7-a78c-da648751c649,5 pairs,335 Watts St
19551ac3-c451-4044-bee7-4bb9c589b4b1,5 pairs,86 Hayes Pl
0261a9b6-4ee5-4347-b1ab-6216ba57075f,5 pairs,376 Cartigan Rd
65d6a0ac-e1b8-4401-b96d-06bc6a418833,5 pairs,261 Catherine St
542419e3-dc03-4159-b4a8-9d32dd7367db,3 pairs,382 Horatio St
c752ba2e-eb19-4f05-b272-e1b45201fab9,5 pairs,388 Donnellon Square
2e42bf7b-9f80-4973-a6fa-9b8d14e22e14,5 pairs,478 Martin Luther King Blvd
d0a87b89-d470-4324-8f89-2ee92428249e,3 pairs,223 Manhattan Ave
00e15fe0-c86f-4818-9c63-3422211baa97,3 pairs,114 Williamsburg Bridge
3dd998e7-87b7-4e0d-b02f-c4fa054d444b,3 pairs,490 Samuel Dickstein Plaza
029e417e-a0b5-4ec7-9190-a852016619d9,5 pairs,254 Sherman Ave
eb0d6228-e1e9-4f7d-b86c-406c1e1aa20b,5 pairs,286 Battery Pl
1ab8dd56-7cef-4f0b-85ef-b7e8f2f3957d,3 pairs,262 Watts St
7b001392-fb63-402c-a527-ca7ad6827ff7,5 pairs,312 Wooster St
78305b6c-ff29-4d63-af46-d8d2f69968d3,5 pairs,442 S Street Viaduct
7092696d-ce5b-47dc-af81-671546b8976e,3 pairs,367 Henry Hudson Pkwy
5f926e9a-0281-48e7-98ca-b37f2c0a75be,5 pairs,108 Avenue Of The Finest
adc2de4f-403e-4931-91f5-d52d6c67e5f9,5 pairs,103 Madison Ave Bridge
dc8ebb62-a36d-48b2-ac0c-1c28afe66c20,3 pairs,351 S William St
1d384224-6e3c-481e-a752-635d163fd1fd,5 pairs,366 Albany St
3112f038-2ae3-4584-9811-ca960ee18963,3 pairs,235 Beekman Pl
d356d696-557d-4e0a-a0c8-20018076757c,3 pairs,304 Broome St
22f75e57-c77b-49ee-ab7e-a80806fc6a3d,3 pairs,151 Catherine Slip
ec2093db-07dd-49b4-88cd-de3a7e6fb954,3 pairs,75 Staple St
d2006f3b-1b25-40a7-a37e-054c815a1ef6,5 pairs,175 Joseph P Ward St
9d53d088-7495-4101-9326-e9806f7774e3,3 pairs,182 Franklin St
5fa8d6c2-0d2d-4689-9ecb-35743ec7be59,5 pairs,372 Adrian Ave
af4ff78e-3a6c-498b-9696-64a1676aabea,5 pairs,272 Clarkson St
1089f689-2333-48e7-bfb6-01890bf0ceff,5 pairs,84 Gramercy Park W
89d4adad-6aa4-496f-8b3e-4be84c35473c,3 pairs,286 Marble Hill Ave
7cda54ad-e7a2-43cb-9e98-866a93690746,5 pairs,426 Cortlandt Alley
05dc640b-5112-41b0-8169-6d957a93f779,3 pairs,343 Church St
11a96484-df2e-46f5-8a76-7b6e6f91d3c8,3 pairs,0 Hillside Ave
4181cbcb-b659-4ad9-99be-f3774cc37314,3 pairs,317 Gouverneur St
61694eaa-6d89-4d69-a395-141e97ffb5f8,3 pairs,42 Odell Clark Pl
b6be50f2-a7fa-47b9-a715-359950b06228,3 pairs,461 Morningside Dr
95885e6d-cb6f-4bfb-bb23-41432149192d,3 pairs,143 Warren St
c71ea703-a4cf-409a-bbea-2717c3b16d6d,3 pairs,323 Mt Morris Park W
10ab3931-e156-439d-8d08-9f9b8c613df8,3 pairs,282 Morningside Ave
7332c02d-6239-49da-8dc7-65b073934b47,5 pairs,479 Marginal St
03dfcb44-819d-4329-9924-a4cafc834af0,3 pairs,276 Chisum Pl
a26c042c-feb9-4f3d-acb5-022e4e330271,5 pairs,184 Wadsworth Ave
2843e98a-5cce-4cbf-b0ab-aa43f1e81778,3 pairs,479 Jersey St
099ffabf-e832-412f-9a23-cc480b7147d5,5 pairs,260 W Rd
0c507d49-2f39-47e8-bc21-839ccdce00f0,5 pairs,354 Old Slip
d150f12c-0cf1-4278-b696-53c2ecf4b21b,5 pairs,146 Park Pl
0c499b11-e4f5-4c2b-87d3-7d94aabeb984,5 pairs,199 Washington Square W
778170b4-069b-40e5-b45d-f268eea238eb,3 pairs,181 Beaver St
992f3b90-26c5-4b67-8ba9-884fe1b33a66,5 pairs,0 Gansevoort St
028f7d56-0def-4556-8c05-4c9ec6bd3c20,5 pairs,216 St Clair Pl
75bc6ebd-40cd-4e1d-a301-27ddd93b12e2,5 pairs,492 Bank St
377f56ef-67a8-47cc-9fcb-acff9171edb8,3 pairs,464 Bond St
1311759b-0ffa-4faa-a2ba-0c6f5eb603d7,3 pairs,195 Adam Clayton Powell Jr Blvd
c3eb2207-8bfd-4eee-8b3b-216a6775cb26,5 pairs,78 Ludlow St
cac537de-6154-4c23-a14a-0581d38be44e,5 pairs,452 Lincoln Center Plaza
e1296aaa-fba7-4bee-bbee-3a68b3f9d731,5 pairs,434 Pitt St
c46bf262-52f7-4adb-91f1-fd98c7a4e00f,3 pairs,393 Abraham Pl
565aaacd-eec5-4857-a908-170f0cea0e76,5 pairs,306 Mulberry St
086c23cf-524d-44a4-9c8b-09eb6cf59815,5 pairs,460 Cooper St
4c89e8fc-db36-4225-8c09-e8ada8594055,5 pairs,224 Little W St
56fe74dd-c274-408e-9ba1-03db92acf872,3 pairs,79 N Moore St
a9608202-e25c-4a4d-b281-787c9fa77280,5 pairs,451 Hudson St
7ea4fde4-c743-4e19-907a-784a4d3178ac,3 pairs,272 Riverside Dr W
8a9f51c5-18a2-43ab-ae54-623af65e0093,3 pairs,157 White St
9241a656-f564-41e7-b0a3-8d22c6fc4412,3 pairs,166 Short Ave
665533b2-8ffe-48be-8bea-0e3900e0bede,5 pairs,487 Fort George Hill
f7776834-7e15-4e15-92b9-368a3a9e0b93,5 pairs,289 Dominick St
f4731e0d-67bf-4ffb-b505-0c7f7049a58f,3 pairs,419 Adrian Ave
a1d0a19b-3cad-42f7-823f-9de753f98ace,5 pairs,492 Washington Terrace
53214819-85d6-4158-ac00-9ac273f53155,3 pairs,248 New York 9a
e9cbfcbf-718b-4404-96ee-fce30635f061,3 pairs,198 Clinton St
ac80ab1e-acb8-45fb-abc5-4333f045e973,3 pairs,420 Battery Pl
c793ce00-c0db-4eb0-a9c5-2ca446f6522e,5 pairs,434 Madison Square N
45ed80d3-6819-4c83-9af4-d7fe00594d6c,5 pairs,148 Great Jones Alley
57a087d2-66f9-41c7-a0cc-177540b60891,5 pairs,414 Harrison St
31793604-513b-4585-bcbf-a5c8d4938144,5 pairs,84 Cleveland Pl
45b7bc7b-39b5-4308-ba56-c16107f28a97,3 pairs,421 Chambers St
7324cdb8-4613-4e07-9e8d-6b4dfdae98cf,3 pairs,176 Bleecker St
27ab373c-ee8c-4a6e-8a33-ab696841f061,3 pairs,448 Bernard Baruch Way
437cd4a8-75af-42a8-98b7-f15bf5f27259,5 pairs,24 Nagle Ave
76e9ccd7-3dc8-479d-9a76-a8c5a0823cb7,5 pairs,104 Park Ave
6fe4855c-5b4a-4283-9434-58d6007f4775,5 pairs,157 Mt Carmel Pl
d20eac07-7eec-4f3c-817c-16c33a21fd9a,5 pairs,5 Liberty St
597c28cb-4039-4aea-93c5-d8e3d00da83f,3 pairs,353 Marble Hill Ln
82f1b941-f28c-418b-a979-fcdac4ab8298,5 pairs,216 S William St
0cde6b89-37f3-4c37-83a6-58afc61ef430,5 pairs,398 Franklin Pl
e67fb87b-cf6e-459d-b9be-7739e655096e,5 pairs,151 Cedar St
ce965c4d-7a2b-4db6-9847-601747fa7812,3 pairs,72 Centre St
c27e51a3-3f4b-4bd4-a6c1-08a1e5f010bd,5 pairs,263 Oliver St
8cc09630-9cd2-40ed-9eed-c54a67d3b58d,3 pairs,353 Morningside Ave
3d777e31-9c74-4e76-90e7-4d259cd1deac,5 pairs,470 Charles Ln
8f076ce6-db31-4793-b432-ef4e42a9b718,3 pairs,89 White St
03c6176f-d770-407b-b9cf-24ea046fb01d,5 pairs,396 Pike Slip
c24cb446-6e22-4674-8a03-7ac4c7cb520d,5 pairs,90 Rose St
0c550865-0828-42e9-bd48-a37cdee31843,5 pairs,32 S Pinehurst Ave
3702be28-0806-4832-8e32-9b99882214c3,5 pairs,159 Cleveland Pl
e2902222-c367-4805-a3b3-9916128dbf46,3 pairs,350 Cleveland Pl
c40bddb5-8455-4d75-8298-a84f1fe87d53,3 pairs,22 W Thames St
592498b4-6816-490e-8bf0-52ed3ba951f2,3 pairs,238 Franklin Pl
3ea3bfbc-744a-4062-b8d1-ce244091da23,3 pairs,339 King Ave
f254b8a3-1c02-42a2-8c7e-2a0a5c57f0f9,3 pairs,408 Magaw Pl
c69d09ca-76be-468e-b580-e5356824f9a2,3 pairs,341 Hancock Pl
0637ca12-61f3-45f1-95e9-4e1a860c1555,3 pairs,263 South St
6944971c-1925-42af-a0e3-b8ad1f75c01f,3 pairs,476 Hanover St
e8c787db-58de-4233-b9ad-a3cf8a590928,3 pairs,330 Mt Carmel Pl
051cad4e-5646-4d7b-abf5-edd6d4b9c85d,5 pairs,225 Park Row
0d478fcc-c7d0-4e1a-aada-7a991407eb6f,5 pairs,272 Bogardus Pl
d025fe6a-1fda-4760-935e-2cd382374dac,5 pairs,329 Columbus Cir
ee2fd680-2bb9-46c5-a19d-c25fb36b2ca0,3 pairs,263 Warren St
d714faf1-8292-41a3-860a-7ca097abafcf,3 pairs,102 S Street Viaduct
965eb26e-dbcd-4bfc-8179-67cc2c34ad81,5 pairs,285 Colonel Robert Magaw Pl
873bfff1-243c-4365-9167-487e7719e46c,3 pairs,389 Broad St
20773fec-7bee-4364-9132-ab292122ff16,5 pairs,495 Rector Pl
6ef73f5e-c635-4c63-85f0-67be8dc6950b,5 pairs,481 Bogardus Pl
5bf49278-2b8d-4e22-a0fa-4c001ae4b453,3 pairs,158 Absecon Rd
0a8289a8-ef28-4d59-a6df-178d9cf88495,5 pairs,393 Canal St
214f5b7c-b8a4-45bb-8069-11aa25eb9193,3 pairs,27 Amsterdam Ave
b0186302-c136-4744-9bb7-6d4a41793eb5,5 pairs,103 Queens Midtown Tunnel
fdb36b83-f7e5-475a-9165-336fc3a39ccc,5 pairs,265 West End Ave
c25d0f4e-94ae-45b1-9d6a-2f0121a2fab3,3 pairs,101 Warren St
655b9f0c-64b4-4d04-8b81-4a5223ace1d2,5 pairs,170 Cumming St
5d0febcc-e696-4213-9ce8-9f297bcbdc59,5 pairs,243 Avenue A
e37a84b7-6c05-4eae-8a24-8b30656caaa6,5 pairs,391 Gustave L. Levy Pl
2a2d5815-e49a-4aff-bc0b-2874be30d076,5 pairs,271 Willis Ave Bridge
bc0e71c7-c727-41f9-8c25-9bb6b0561574,3 pairs,106 Dongan Pl
03d9a07f-91df-469a-a459-b36f66258f00,3 pairs,26 Main St
ecf87c46-9bbd-4b3e-a30b-12a951c19f6a,5 pairs,350 Spruce St
40af8da7-61dd-47b2-8457-b2387c0328d6,5 pairs,319 Catherine St
b6014928-103e-44be-a2a9-5012e8d557bd,3 pairs,86 Greenwich Ave
0f793baf-833f-49c8-a501-fcda2f355583,3 pairs,192 Rector Pl
965f2bdf-9b48-4dec-b8df-f5857531ed50,5 pairs,265 George Washington Bridge
c0996b5c-7fb0-4581-af07-bc55d5865c19,5 pairs,83 Lincoln Tunnel
5809ee1d-ee64-43cd-b6a6-01e1956db7ab,3 pairs,380 Cabrini Blvd
d3e9cd3b-624f-42e3-8bfe-ac04be88c57e,3 pairs,465 Frederick Douglass Blvd
a422cb99-6f62-4033-bdfc-c38b55d733c1,5 pairs,463 Prince St
3d082ef1-1c0b-4478-9ed6-a817b2c5677f,3 pairs,299 Williamsburg Bridge
5ec1b242-e07f-43e8-b2cb-6bd034703394,5 pairs,84 Morris St
33aa06cd-58e2-4edb-991b-b5c0e00605fb,5 pairs,194 Willett St
a66798e0-13f6-4335-8c37-4c1890f1b836,3 pairs,85 Marketfield St
a9133015-989b-4bb0-b313-7dbe60bbb27c,3 pairs,426 Comfort Rd
9693c539-3286-4d2b-9abb-ef34813dc43a,5 pairs,95 Gold St
038c1b89-19ea-4fd8-9b7a-21e337a88de4,3 pairs,138 Platt St
30c5747c-51ae-40c1-af01-25c35e6e55c0,5 pairs,163 Hayes Pl
f832f857-597c-4844-9756-10f2434f72a7,5 pairs,466 Desbrosses St
f0e3b59b-8df2-45ce-aec3-1aa422c08012,3 pairs,110 Convent Ave
cd2e8717-9938-44bd-9775-729e48937905,5 pairs,93 State St
306454c1-eba1-4607-a88f-044b6d76c250,3 pairs,74 Short Ave
4c582786-25d0-415c-83a2-01b7b9165778,3 pairs,204 Catherine Ln
bbb02cf2-1dfd-4c72-9292-837dba555414,5 pairs,360 Catherine Ln
1b14444e-a7a5-4a8b-b1f3-13a800d16b3a,5 pairs,456 Sickles St
d8240627-aaa6-4fab-a1c3-aae978ecd53d,5 pairs,175 Platt St
64330597-8e3d-46ec-9111-c1d67d17ca53,3 pairs,334 Sheridan Square
fddc8bc5-6ae4-4a70-8252-6a2e02b9372b,3 pairs,56 Howard St
794af2d1-8a80-4be5-bbe8-d4406adac41e,5 pairs,176 Jumel Terrace
86aeb83d-5647-4729-85ca-9078e93e1a87,5 pairs,188 Cannon St
2ef38748-aaa4-4f11-abb5-293fae554a22,5 pairs,140 St James Pl
e5d54fc4-699e-49d6-9b81-21a717577302,3 pairs,250 Jacobus Pl
026e11d9-926c-4206-af7c-273e3ee6ad7f,3 pairs,211 St Nicholas Pl
9f0db9b6-0156-462f-9d46-6d26efe654ec,5 pairs,221 Manhattan Ave
f0af10ec-cd8e-4b7a-ba00-e20b2014f3b8,3 pairs,464 West St
5496c68c-06ae-44b9-b443-0fa77c21681d,5 pairs,62 Interstate 78
87c97fa2-2256-4745-989c-cc9ca8685b78,3 pairs,336 Magaw Pl
9c1a587a-2ada-43cf-a4e3-2ced2f831021,5 pairs,245 St Lukes Pl
393e61fc-0eb4-491b-8dc6-e4f6bb198f81,5 pairs,447 Cartigan Rd
90d66f32-e42a-4235-8698-f38cbfdb6c1a,5 pairs,361 Pike St
dca84453-71de-428e-a0db-fbbf11fc288b,5 pairs,499 Bridge St
b0f3e52a-afb6-4432-b27b-34546c480bb4,3 pairs,212 Madison Ave
0878bd66-657d-426b-a63f-19e0d8ef1b5b,5 pairs,478 Hamilton Terrace
5b2b133a-96a1-42c3-b9c1-be41ac599c63,3 pairs,312 Abraham Kazan St
ece62c0e-15e7-43f3-8f14-da8f73386758,3 pairs,327 Park Pl
ae3f437d-6c98-4934-90f1-ceb42391d440,5 pairs,334 Franklin Pl
a5e86c52-a588-4200-b45a-8c3b0df509eb,3 pairs,331 Murray St
e5e01759-a036-4844-aaae-40a9235a2d17,5 pairs,137 Lispenard St
9fc1bcfe-1c3b-4b78-bb3b-af3586c2f05c,5 pairs,326 Beach St
56ca2443-1f82-4107-ade7-cf15caeb3a27,3 pairs,232 Peter Cooper Rd
eb0e0c45-0f3b-497c-9d12-a62cde6d56a2,3 pairs,20 Columbus Cir
684988d7-1029-4a31-bdf6-533002adbc0e,3 pairs,206 Suffolk St
6e4979eb-922d-40ee-b5ed-216c249cfb70,3 pairs,284 Sniffen Ct
18fa2ca5-9f84-4933-ab27-822ddaf4d75a,5 pairs,121 Macdougal St
8b0e6aeb-b576-45c8-b785-d141777d3d31,3 pairs,438 Columbus Cir
09191a2a-25ae-47f9-a553-2b5b6523b16e,5 pairs,99 Jumel Terrace
83a1f78f-27ad-4540-9293-564b9674c9d5,5 pairs,9 Rutgers Slip
72512606-c66d-4b37-97d6-bfa689212798,5 pairs,249 South St
a060d8cf-e244-4e24-9f15-ff41ee5d5a5d,3 pairs,494 Fort Charles Pl
16992cd8-b9e8-4c0a-afe7-207d85986175,5 pairs,423 Henry St
ba2b7598-4aba-4168-92ca-a3aff33b2cc2,5 pairs,270 Overlook Terrace
6dda0609-01d4-46c4-98e9-24b8ff27dd2b,5 pairs,107 Magaw Pl
903be3a4-5884-476b-9bae-0730abdc66ab,3 pairs,369 W Rd
fdf35090-5080-4d90-9204-7af788268837,5 pairs,314 Whitehall St
a41db3ac-3430-49a8-8a65-10460c4cbe75,3 pairs,58 Sylvan Pl
f0374128-b7c7-4ca1-a52f-450cddeb5994,3 pairs,70 Henry Hudson Pkwy
f8b13186-db36-4db1-89ff-a215c0afbe85,3 pairs,56 Riverside Dr
ffef9d8c-7a8d-475d-a9b2-856b81c05b66,5 pairs,244 Coenties Slip
9f6d215e-b3fd-4f77-ac16-5ddbfe5c0edc,5 pairs,186 Central Rd
32676677-61d3-4430-a94c-0e6313df79c0,3 pairs,100 Greenwich Ave
ffe1b116-6f09-4408-9aba-f0d268c67fbe,3 pairs,247 Mc Nally Plaza
1f1442d1-8217-4a1e-97cc-c11c8def9398,3 pairs,475 Bedford St
d6e938c8-1b6d-4e4c-a2cd-641826f438a5,3 pairs,160 Short Ave
944c22d5-a820-4d0b-b905-3d607ebe2839,3 pairs,447 Interstate 78
531570fa-b9e3-4a96-8f3e-b67d9910aefa,3 pairs,317 Avenue Of The Finest
0b7fa3f8-e5ae-4bf6-b967-84b510e13452,3 pairs,85 Asser Levy Pl
d5f82131-d8f7-4a24-afa3-83e8fc156cf3,3 pairs,271 Marginal St
a6b33a45-3b20-4e2d-902a-3151f5eb71ba,5 pairs,452 Bennett Ave
4f7cd365-c4d0-4eaa-ac5c-d82e476a974a,3 pairs,121 Fort Washington Ave
1691d924-ac70-451d-acd8-845c08978be4,5 pairs,114 Roosevelt Island Bridge
dfad531a-e67b-415d-82f3-bdff014e9dd9,3 pairs,46 Morris St
28867d12-27a6-4e6a-a5fb-8bb5440117ae,5 pairs,180 Barry Rd
f55f6a49-4fe8-4684-a952-113362668dbd,5 pairs,116 Hogan Pl
ee341540-8d72-47d1-926b-c9b7f95efb6d,5 pairs,273 Sylvan Pl
b66778db-005c-41ae-b91a-ec8f439a8f7d,5 pairs,487 Center Dr
23ba8065-72ff-40c3-a162-4a7ccfbed44e,3 pairs,125 Barrow St
9202b128-ba4f-4907-beaf-a1211f08388a,5 pairs,135 Federal Plaza
4ac91a3d-dd3a-42a7-8215-2b66e516e810,3 pairs,245 Robert F Wagner Sr Pl
23f20c14-2455-4a7b-844e-b18680944fc0,5 pairs,49 Warren St
fdae74cd-c067-446e-89df-60176f693be8,5 pairs,424 Macombs Dam Bridge
2d5b7955-c24d-43c0-89b4-be44c5609aa5,5 pairs,34 Battery Park Underpass
db8ca7bf-3bd3-44c2-bc85-dad47f29ac15,5 pairs,62 Nassau St
9a6b1329-a353-4fcc-b1d2-7eb0125de0bb,3 pairs,336 Pomander Walk
e8722ab6-2cdb-4cbc-904e-3a7e345a969e,5 pairs,475 Washington St
f69672cb-742d-4930-85af-a678904613c9,3 pairs,30 Columbus Cir
5a933572-44e5-4ebc-9ac0-fd609af89593,3 pairs,209 Horatio St
8db35a85-53d7-4c3b-9c67-05eafcb4d5a8,5 pairs,185 Norfolk St
2a05d85e-7e94-470b-a301-8ad10d65d0fe,3 pairs,422 Frawley Cir
f3f7acf2-5d96-4d4c-8c6e-50cef2a189d2,3 pairs,176 Greene Ave
1867ccfe-7e55-43cb-ac5b-d545b21fd334,3 pairs,3 Broad St
a4ccc1b3-cbb6-449c-b7a5-03af42c97433,5 pairs,348 Ann St
c24be6ca-defc-47fb-8e94-df8259fb4a8b,5 pairs,85 Liberty Pl
26696fdb-68a3-4e82-920b-360e8a17d662,5 pairs,388 Leonard St
4523cf18-773a-443c-8b15-d5c91fdff988,5 pairs,172 Washington Terrace
7aab7cb6-6b8a-400a-8dfc-68cca8ddc237,3 pairs,96 Market St
3bdf60d5-21fa-4bd5-a563-01255088cf7f,3 pairs,208 Ann St
20feec8f-33da-4fad-949a-91b3f482bb8b,3 pairs,134 Gustave L. Levy Pl
02bd0f5a-3f04-4902-b005-82188b07785f,3 pairs,156 Icarus Rd
8aeb7af7-ff00-44f5-a4b9-d0170844fcd4,3 pairs,86 S Street Viaduct
3f7d5ded-68d2-424c-b72a-2d3f8dbb8a0e,3 pairs,45 Greene Ave
46a94905-0385-4900-8749-072c0bcedb57,5 pairs,175 Grand Army Plaza
63b2e9c0-cebf-4013-b1c2-1a01476598c7,5 pairs,340 Magaw Pl
4ab4d5c3-f93a-4841-aa35-8da6b1bd7a1e,5 pairs,136 Sheriff St
5e9c88b6-7728-4de6-bf06-ee7f8ba43288,3 pairs,129 Stone St
c7887f7a-5964-4725-b39b-9fec5cf79ca4,5 pairs,180 Centre Market Pl
b04d4c11-00bd-48a7-b886-957488d2e78d,3 pairs,124 Randalls Is Rd
4c99ad21-71a6-494c-a8b6-0186d4c5abf6,3 pairs,258 Grove St
442be682-abd5-4e2d-b8f0-1f81d245503f,3 pairs,445 Albany St
e86bdb03-1299-4dd2-8df0-d10069471dba,3 pairs,359 Rivington St
ae7f62cc-8f82-4851-881c-14d4b59ce518,5 pairs,3 Minetta Ln
85d8e0ef-ac5d-4a7e-ad21-450ae3d30f0c,5 pairs,30 Riverside Blvd
be92a62b-e28f-498e-a579-1f6ba34d5512,3 pairs,244 Sullivan St
f3defb57-a22b-4bb7-a81a-942050f253f6,3 pairs,494 Laight St
c982fa43-2c9e-40ea-9c29-c17affaacad0,3 pairs,196 Henry Browne Block
9b9338d4-3abb-4606-977f-1c6789fad555,5 pairs,17 Gay St
d5b8a8ef-0e15-4b8b-8d47-e038fddbe2f5,3 pairs,281 Amsterdam Ave
eef22bcc-58f4-44bf-b24e-d944be38666f,3 pairs,46 Columbus Cir
c8fb1cc6-8917-4636-95e2-0699256bf44c,3 pairs,227 Pike St
6816bdc3-daed-403c-b34a-a23ab279f3be,3 pairs,4 Centre St
fa602c83-4493-42d0-85fa-4b069cc23578,3 pairs,184 Hamilton Pl
50bbf9d1-b7bb-4f42-8604-e2c7ac9add5f,5 pairs,317 Lincoln Center Plaza
abf0006c-b915-4d87-b501-78194dc53266,5 pairs,481 Gold St
372416e4-f27c-4960-b32e-7d90991ddaab,5 pairs,24 Willis Ave Bridge
0da45873-8ec1-4ede-9962-c82c11bf9f33,5 pairs,249 Lloyd E Dickens Pl
994799f1-e460-4d86-bf98-b39253fe390b,3 pairs,262 Old Broadway
60fc68dd-3e94-49b6-90aa-669b8b189f85,5 pairs,242 Patchin Pl
5c299a77-108c-4e05-a441-8fb2a71f4cfb,3 pairs,323 Washington Terrace
17b13eac-ed79-459e-b4de-89073f5f4941,5 pairs,98 Dover St
b7269c0d-9fc3-4148-9bb7-d748a6745716,3 pairs,280 Freedom Pl
4c1aa9dd-22fa-4165-ad41-d34c170da7de,3 pairs,177 Manhattan Ave
ccf6dbb4-605d-4fe1-99c5-bc4a8ca095d9,5 pairs,445 Minetta St
e0518db8-c4c3-4392-86b9-b823aff7d166,3 pairs,459 Dominick St
fb3c0b68-c30b-4860-a67e-ab97c76bc518,3 pairs,154 Walker St
47a7f7af-bfe4-40fa-8574-8b4480dd78d6,3 pairs,338 Frankfort St
146346a1-e75a-4fbe-a86b-67a968cf9f61,5 pairs,411 Grove St
a0fa3684-3381-4c7b-aa0a-520d8baff528,5 pairs,104 Old Broadway
e5e34030-2f19-4eed-a24f-e5ada4c4536a,3 pairs,78 Craig Rd S
3b0defc8-b6ad-44f4-a398-7e7f84f07fd2,3 pairs,254 Hamilton Pl
d58d68e7-eeaa-4902-96dd-b28343e5d68d,5 pairs,92 Fort George Ave
e8ce810a-633d-4ba7-9a0b-7641f4d77c0c,3 pairs,113 Whitehall St
c1698024-f29b-4de0-af1e-bc860cc48a7f,5 pairs,463 Dey St
22157e91-b367-4f57-9d90-04864bea5788,3 pairs,198 Szold Pl
80d91230-06d0-467c-8d6b-035e0f5f5d9e,5 pairs,199 Wooster St
803f65fb-ee77-40c9-bc00-76654838c58a,5 pairs,321 Warren St
7caddbcb-f74b-4b62-a45d-b96cd2a4c86c,5 pairs,298 River Rd
7f1a340f-ff0a-40c7-a8cc-c9735371bf13,3 pairs,105 Gold St
8ca7c665-2c9b-4fa7-9ef0-968376681793,5 pairs,168 St Johns Ln
34561f7a-7871-4341-9ef0-cc1820a31243,3 pairs,42 Ft Tryon Pl
99c3fec7-c618-4dea-a040-719367c19acd,3 pairs,19 William St
8e8f1507-8d2a-4be3-8730-5131ec1880d3,3 pairs,248 Wards Is Rd
6e444944-1000-48ef-bc09-a21761f31122,5 pairs,431 Madison Ave
dd08d494-fdfa-4d62-b01f-a5a1721e8f65,3 pairs,231 Rector Pl
24c76080-915e-45bf-ae60-1d6570cedf3f,3 pairs,469 Mitchell Pl
1123ee05-c04a-454d-9161-a53d427f908b,5 pairs,3 Rockefeller Plaza
3443f3b2-580a-4faf-8d82-02d055969208,3 pairs,191 State St
fdb05724-dc6d-4f31-bc1d-a91f7d93423e,3 pairs,376 Bradhurst Ave
19c1ac7c-5475-4782-9157-db01edbafcbb,5 pairs,39 Harrison St
3b17f3de-e223-4cc1-a043-c89e3b22e05a,5 pairs,269 St Nicholas Pl
a4020ad6-201f-45b0-affc-085cd0f43cf5,3 pairs,156 Willett St
4cf65655-c736-4dfa-aafb-cbefe541adb0,3 pairs,320 Avenue B
8cb0b822-8f63-42f5-a8f0-ae1890b80a65,5 pairs,222 S William St
8518f039-6099-4983-9744-ac4087738365,3 pairs,93 Gay St
7b5dae9c-b17b-4717-9918-41669cc58e4d,5 pairs,168 Convent Ave
b6c83bbc-f80c-4d94-bfe7-6082d4916448,5 pairs,415 Joe Dimaggio Hwy
4e57d0aa-d017-4ba3-be79-d2e1a356c896,5 pairs,68 Ctrl Park Powell Blvd Appr
5c2067be-cf63-465b-b72c-73dd3ae73b98,5 pairs,268 Chrystie St
999bceb2-81bc-42f5-a34c-5823aefdd801,3 pairs,338 Tampa Rd
712feebd-b80a-4994-8a88-46a6b2aca85a,5 pairs,83 Post Ave
3c72580b-9acc-403d-be04-e5c26b59ebcb,5 pairs,361 Fort Charles Pl
a0e3360b-4290-4fb8-bb3c-f230b26636b4,5 pairs,102 Hester St
2dfde92b-4085-450d-a064-13dd9d9efdcd,3 pairs,339 Sullivan St
f77e8858-8af1-455f-8ac6-db603219b1e7,5 pairs,423 Pitt St
f7a6089a-ad50-423e-9c14-8fb56bc5b0af,5 pairs,460 Stanton St
399fe05a-bbb3-480a-bbd9-932d58548d6b,3 pairs,22 Craig Rd S
36a53a49-23d9-47d0-9418-4658e9640af7,3 pairs,99 South St
471bdead-503f-4978-a7e2-b4f18fdd3c13,3 pairs,166 White St
f8fde183-bd43-4239-a9b7-6b3a7d7e75d6,3 pairs,192 Bradhurst Ave
c27fd35c-3b33-4fae-b786-5da6a6c104f8,3 pairs,305 Convent Ave
17d1f309-3336-457b-8652-7e280925d6d9,5 pairs,389 Icarus Rd
f5112729-e204-4e92-81a7-150ba4c812e5,5 pairs,225 Bialystoker St
82820b36-4428-4ec1-9385-8f61fb355615,3 pairs,239 Cartigan Rd
67f0cfc5-9fb2-4a2d-bda5-a2fae32ce77b,5 pairs,56 Benson St
b3fb08df-8cbc-4a2b-ba43-4f7a59ac129d,5 pairs,294 Waverly Pl
b61d955d-2cda-4d86-b3da-e0a235657c56,3 pairs,477 Sherman Ave
7d499e29-4c97-420e-81ef-a7770b5a8e6a,3 pairs,423 Peter Cooper Rd
862f8038-5a9d-4b5c-aaba-431a5aeee056,3 pairs,18 Cherry St
cc5a7499-d8ca-44af-8939-8351e148ba5e,5 pairs,222 W Broadway
1a2e8ed1-6c75-448b-988c-e9d5b7656ed8,5 pairs,111 Central Park West
26158365-10a3-4a90-8bf9-9fd99d27c0ef,3 pairs,35 Andes Rd
7f855658-7994-4f86-a978-f8c8f9c5bd6a,3 pairs,355 Avenue Of The Finest
df55155b-6dc6-45b5-a793-a55ca1c585b4,3 pairs,348 Broad St
33d0ba24-fa10-4769-8c8f-79125482f0f5,5 pairs,404 Willis Ave Bridge
7f769f16-ba7c-45f6-bb9c-45cc54d9e231,5 pairs,435 Cooper St
b58bc670-d8a8-4826-8503-eb7e2e7d2c36,3 pairs,340 Gracie Terrace
09aceef1-70b2-4d01-b95a-ab89c42595a1,3 pairs,142 Sylvan Terrace
096030ee-6364-441a-8209-4fa61249bfa3,3 pairs,15 Henry St
dce23cff-5f66-40e0-b952-ec4719ddc45c,3 pairs,463 Whitehall St
360f70ea-771e-4b7e-b95a-7b1eebd50f41,5 pairs,455 Ctrl Park Powell Blvd Appr
087d9b32-481f-45ee-8005-acc62bfc3c51,3 pairs,353 Frawley Cir
bc4b52fe-b445-4e3c-a867-169bac2888ae,3 pairs,212 Margaret Corbin Dr
8833a482-9c4b-43aa-b0ac-d53cd3421eac,5 pairs,484 Norfolk St
b8670f3b-88f2-4b94-8039-18ae10dd22c9,3 pairs,233 Montgomery St
33fe316d-05ad-4762-b98c-c5a7d56a2ab5,5 pairs,446 S Pinehurst Ave
fcfd74ec-90b4-4efd-b7ec-a2087cda1af8,5 pairs,56 Ferry Line Rd
e3c9a5d8-6d12-4230-b4c8-a29d1a35bc05,3 pairs,418 Central Rd
35818d70-0add-4f24-88bf-b0bbbb22061d,5 pairs,390 Abraham Kazan St
6b0921ce-415d-4534-88cc-64dd8ac19315,5 pairs,438 King St
add0c666-b6fa-4694-b983-6d761ab2f297,3 pairs,115 Pell St
72df85b7-1369-4804-8cd6-6ac05bc50691,5 pairs,175 Forsyth St
0ce62486-89ce-47eb-b797-f3617a27b9db,3 pairs,72 Manhattan
34208955-7ccc-4606-93d0-e2462d6b3022,5 pairs,239 Cortlandt St
88feca68-e439-4b4e-8c9d-496f83082b4b,3 pairs,204 Nathan D Perlman Pl
ddacdc44-833b-4429-84da-1a4dedc84ba9,3 pairs,326 New York Plaza
3e07cbf0-19e9-485c-8bf1-9c5691aeccd8,5 pairs,305 Gouverneur St
7dd77ad9-0cbb-4155-9410-c54c8f4839ca,3 pairs,400 Jacobus Pl
99a1d627-92b7-4a68-818e-91b82edb5698,3 pairs,379 Nassau St
a5ff0b09-6efa-4f06-98a1-39eefffde4ec,3 pairs,49 La Salle St
902025cd-6827-45a0-9724-e6f28975d691,3 pairs,88 Milligan Pl
c833db7f-3989-42e6-aa32-3e4bba8d74b9,3 pairs,281 Great Jones St
77d8aee5-d73a-4bbc-bde4-74f1dfebdf68,3 pairs,163 Freedom Pl
5c241446-6084-43cf-9b14-889436337b6b,5 pairs,462 Division St
17e3fdcf-2f82-46ca-ac99-96675af1d512,3 pairs,248 Madison Ave Bridge
06944ab6-a64b-4c89-9269-c8990171cd73,3 pairs,213 Hwy 9
85a53c6e-3c99-41f3-b79a-07c65ad6bdbe,5 pairs,311 Hudson St
2b3de4c3-ae42-4e8a-9b9d-e2576c02b0bd,3 pairs,369 Roosevelt Island Bridge
9c3bc610-fd41-4809-ab96-48762535078a,5 pairs,76 South St
b466c473-6a4b-4401-ab5f-ba47c6b8c41a,5 pairs,395 St Nicholas Terrace
8e325816-f488-472e-a657-c699ba40afbe,3 pairs,246 Pearl St
b6e18327-27a3-454a-9337-c9b5c465ba76,5 pairs,488 Park Ave
480e65fe-c8a0-4b3a-bfb4-7ce31be93d52,5 pairs,369 Craig Rd S
ae4b630b-f7cd-4e4f-b032-1e72158a4c6f,5 pairs,218 Park Pl
a5d947c7-ca21-49d7-b68e-113f75e5b6e6,3 pairs,234 Cliff St
d1390c4a-adbc-4a56-8f95-d00160abd119,5 pairs,384 West St
1976aced-6494-4dd4-ac18-61214a208215,3 pairs,143 Frederick Douglass Cir
51290372-8238-47c2-8888-36307bd0d76a,5 pairs,332 Columbia St
f7270379-258f-4b13-abc7-9d8a05414817,3 pairs,306 Leroy St
f4285aa7-d13d-4fb0-9c8a-a2ab8e250b30,5 pairs,410 Park Terrace E
54934981-ec34-4368-8e86-fbadcb51a4af,5 pairs,377 Hayes Pl
170f0faf-d0b2-4adc-b83d-2b0b0ba49886,3 pairs,210 Chambers St
ea7168bd-45c0-4b88-b8f2-326412e2edca,5 pairs,91 Henry St
f8c80591-1208-4ffe-8211-64827ebd3e94,3 pairs,475 Hwy 9
9b762b95-beb4-4e8a-b8ae-edec632a81c0,3 pairs,32 Attorney St
c70374f7-e3a1-4636-a385-7a333d344347,3 pairs,149 Cathedral Pkwy
4e8155fc-285b-40ba-970b-70393b9abe39,3 pairs,51 Great Jones St
a92979ce-8dbf-457e-8a7d-c01700645afc,5 pairs,298 Catherine Slip
b239586f-df0c-4820-aa13-83529d76e748,5 pairs,14 Clinton St
90fab4b3-05ca-4ee1-8494-d2b093320b37,5 pairs,209 Shubert Alley
dffdc692-50d3-462f-9b85-3a51d15bca05,3 pairs,117 S Street Viaduct
fc25b46f-185f-4fa1-a158-20f5ec5c6c12,3 pairs,82 Riverside Blvd
755544d9-d50e-4423-9e4d-c6325aeb18bf,3 pairs,387 Washington Square E
da414ad7-efc6-4f6f-9de4-cfc152cff133,5 pairs,316 Bond St
9f759536-81da-4af5-9754-4fdf87d87e94,3 pairs,391 Randalls Is Rd
7a678950-7e27-4d4f-9821-7818e4e3be59,3 pairs,405 Payson Ave
76da5225-7279-4aa5-bf90-b79df3f14910,3 pairs,242 Jersey St
5f94f182-889c-4730-bbf4-792258663a09,5 pairs,66 Sherman Ave
5a45a1d2-7793-446e-a5d1-30ef2bc86f72,3 pairs,190 Worth St
dcd5fd65-94be-4ba9-87ff-42d55637bbae,5 pairs,107 Norfolk St
2dcef662-d1cb-44f7-9c67-8e9bc4705306,3 pairs,304 Gouverneur St
6e4ce66a-0636-4c09-aa94-8ec2da28050f,5 pairs,322 Morningside Dr
94d9d20a-0050-48e4-b50d-7b8072d6933d,3 pairs,157 Jumel Pl
1ad487b3-3645-41f2-9825-e79f566952dc,3 pairs,57 St Marks Pl
10675530-34e9-4f4b-a90e-e4d0fd5ad63d,5 pairs,243 River Rd
648b3152-123f-41a3-b4f4-b6ba6c55d345,3 pairs,477 Murray St
32ce7f30-649a-4e54-bbba-1edaaecc02ea,5 pairs,372 Bear Rd
86f2e8e7-3d90-48ae-986d-08851b7ccf4b,5 pairs,364 Fort George Ave
b1474d29-1354-405d-a1b4-e45d9b5857fe,5 pairs,383 Gold St
895af8bd-3871-4434-a78b-71a9eee6d4cd,3 pairs,33 Patchin Pl
291f1cca-e507-48be-b063-002b14906468,3 pairs,318 Macombs Pl
6690e848-d7fb-408f-9a68-c629775061b3,5 pairs,450 St Andrews Plaza
e3a4dc08-7657-4d65-810a-0b2003aaafce,5 pairs,168 Malcolm X Blvd
b00cf3e8-2e2d-4a15-a336-e29e27394780,3 pairs,424 Leroy St
e90f3a7e-0f15-4dba-a3bd-08ff78154ac6,3 pairs,462 Madison Ave
abddacdb-6edc-4b1e-ae4d-3ab785e0c8fa,3 pairs,76 Riverview Terrace
8397bfd3-8dd7-4ea4-b77a-433e516066bd,5 pairs,255 Attorney St
7e4377bc-375b-4903-b76c-3f678113976d,3 pairs,318 Grove Ct
27fa4dc5-fd79-4f05-82b9-ddcc5ca1cf50,5 pairs,264 Park Ave
adc07b48-f853-4942-94b4-5cfc7c905420,3 pairs,242 Samuel Dickstein Plaza
65264385-2382-4318-bd40-48f042c9fec5,3 pairs,277 Lewis St
5899b347-b01c-476d-9f9f-7ac92f8b8ec2,3 pairs,172 Asser Levy Pl
f6065f04-5793-465d-a414-dc2ddaae0081,3 pairs,108 Absecon Rd
ad771ca1-3ff4-4b52-a8b3-cd1a91f34395,5 pairs,400 Andes Rd
76bbf5e1-5eb3-468c-accc-7eb492d47b28,5 pairs,369 Craig Rd S
ab562202-77b2-4fb3-ad0d-757f3a01fc24,5 pairs,261 Avenue Of The Strongest
834d4996-6486-4596-879d-fcff96d0b6db,5 pairs,95 Kimmel Rd
0490851c-b26f-412e-9004-b1a58f799459,3 pairs,120 Beaver St
b6bc995f-64ae-4b20-9807-8f1c3287b15f,3 pairs,257 Water St
7f6c554c-eb1f-45f8-98d0-7eda81b4cc0e,5 pairs,415 Gracie Terrace
c1de2c2d-2867-41b0-96a4-65dfb809d3dd,5 pairs,330 Sylvan Ct
c66639a4-db81-40bf-9724-9b4f340a7e9d,5 pairs,127 Lillian Wald Dr
f26f8518-aeb3-453a-b91a-453ca67a8ce4,3 pairs,189 Monroe St
41dc7669-c37d-40db-a96f-643371674f87,5 pairs,306 Attorney St
238d8ab6-12f9-47a9-bb08-2df9c23c26d4,3 pairs,304 West St
031e61fc-7d7a-49e7-80ac-00bbdd98f40b,3 pairs,43 Jersey St
0bd5ab3d-a4c9-4cdb-a2ef-ef3d2c5e2db0,5 pairs,37 Legion Memorial Square
873532db-ff78-4ad1-819d-87153e655864,3 pairs,120 Henshaw St
e842b4f0-c941-4809-8fad-37feb7c2a7f3,5 pairs,283 York Ave
badaa253-e0a9-4473-9898-5ccf6b15d32b,3 pairs,265 Laurel Hill Terrace
5657f8d4-4589-42ad-9feb-1d33d3fc6b5a,3 pairs,232 S Street Viaduct
21343435-b205-463b-8159-35965866aae6,5 pairs,78 Ann St
b826481f-f12d-4d61-ae91-e2bf76c6dc39,5 pairs,395 Macombs Dam Bridge
f055c951-3fff-476d-97d2-0d0615fb9271,3 pairs,99 Mulberry St
ba6faa6a-3df2-41c6-b108-30cf453cb481,5 pairs,451 Horatio St
9d5dadf2-33d7-44b0-bd04-91af07e5b9e0,5 pairs,348 Pearl St
1b327682-7251-4606-9002-9801b53f384f,5 pairs,51 William St
35f68cd9-5169-40b8-83e5-f4c1a4fc2633,3 pairs,424 Greenwich Ct
aaeb45c9-5ccc-452e-a93b-690212defba4,3 pairs,119 Jacobus Pl
07d80a67-b73a-40a6-88bc-8f30e4eae3b2,3 pairs,187 Doris C Freedman Pl
43825a25-17a4-4093-8c80-42b9c9888365,3 pairs,319 Haven Ave
8bcedc93-4920-4658-9ae3-0c879722eed1,5 pairs,14 Fred Douglass Cir
7b8f0b67-062c-44e2-898d-f803600ac78a,5 pairs,27 Liberty Pl
d816f884-ce17-4374-bd37-95ac406f34c5,3 pairs,215 Battery Pl
b71d7b8c-8d57-4654-8d3d-c360d95db754,5 pairs,130 Alan St
0bff1db4-0fa1-4b88-bb5c-6012a3155608,3 pairs,156 Division Rd
dcc0ba73-db10-4cb2-92ab-036a4fd0f2d9,5 pairs,293 St Clair Pl
91170613-c8ec-456d-9f33-1a0498a57bd9,3 pairs,291 Spring St
b867a601-9319-4494-b9b8-1dd18afb38b1,3 pairs,232 Spring St
7e531b6b-7e28-4304-8f11-683f9d99a26f,3 pairs,410 Brooklyn Battery Tunnel
ee1df45c-a421-45c9-901e-da29fd9cffba,5 pairs,303 Coenties Slip
ac792b7a-af34-4bdb-936f-8aa5551430d6,5 pairs,118 Cortlandt St
9747a5fe-53a7-49d8-a78b-73593313be2e,5 pairs,403 Horatio St
4d8b45f4-1992-478c-8767-62b6be975be8,3 pairs,453 Cliff St
c8fce09e-1bec-48fd-a373-597cf75fbf5e,5 pairs,12 Craig Rd S
bee026fb-73b5-435e-aaad-8ab2ffe9dc41,5 pairs,11 Montgomery St
c6dde7fa-918c-4869-8909-74f858197014,5 pairs,91 Sheridan Square
b97f022c-84ac-4c2a-8065-39352a5bcdef,5 pairs,261 Avenue B
08597fb8-3c68-4291-9e15-55ba0b06546d,5 pairs,209 Orchard St
2cc1b38d-bc6e-4a06-9352-164addfebe5d,3 pairs,379 Cathedral Pkwy
5d399a67-3bb6-4e6e-8c0b-3d7004f5d629,3 pairs,267 Gouverneur St
0a22fb65-63de-4381-9da7-057e1ec8c5c3,5 pairs,348 South St
028b47b0-e075-4b2c-bcf3-f963d8089449,3 pairs,442 New York 9a
7afb65b8-eea6-4307-9ba8-c02dfeca6d2e,3 pairs,207 Henshaw St
a56c3b5b-d5e4-4356-81e6-10987524af7c,3 pairs,46 Hanover Square
bf42ef36-bea6-48d8-95c3-785c33684bcd,3 pairs,133 Fort Charles Pl
311ab009-bb5c-44b2-9330-6b5b88163c9f,3 pairs,272 Market Slip
7b5be1d8-65d4-411a-88df-141156742536,5 pairs,75 Meyer Square
e484736d-ba82-492b-a4de-f3e5fdf65f19,5 pairs,396 Grove Ct
838b7d4b-ecd1-43c0-a066-738aad0a9cfd,3 pairs,483 Tampa Rd
e4a99b47-98c8-48e9-84ac-d0dd7791146b,3 pairs,172 Willett St
321e7144-4d4a-4822-a0cf-acdf603dad17,5 pairs,229 Milligan Pl
9f443bfb-f37e-455c-ab44-6c07c8cf7122,3 pairs,452 Park Terrace W
17e28e55-0d8a-4c23-af77-903d94888d88,5 pairs,257 Fred Douglass Cir
030ae7ed-a34e-42ac-a88f-93996455d315,5 pairs,80 Marginal St
9d5bb7e4-e4e2-4578-a74c-d33f6ac36541,3 pairs,340 Battery Pl
9abf5ab9-30e4-4e26-bfb4-685e8174e245,3 pairs,127 Fort Washington Ave
6bc9a126-b22c-4ac4-87f3-2cc3aaa3ac2d,5 pairs,486 Washington St
a923495e-b5a3-4b6b-b7af-029dc402e8f7,5 pairs,13 Shubert Alley
2f1d8f84-0ec7-423d-864c-b3058bd42c17,5 pairs,189 Marketfield St
113e93f8-09fb-4e75-9284-fe7e44ab614c,3 pairs,211 White St
bcef94ca-e0f1-410c-a5d0-98d60b3a281e,5 pairs,478 Avenue Of The Strongest
d55bd274-cdf6-481d-b9da-c4709b7928b6,5 pairs,305 Greenwich Ct
914ac629-2d7c-4341-8689-1f7a4950fb3d,3 pairs,406 Beekman Pl
99f1fad4-5142-45fd-a122-6185eadabf38,3 pairs,447 Ctrl Park Powell Blvd Appr
b5b3a93c-e143-478c-9284-cf51d09c4fa9,5 pairs,464 Greenwich Ave
12b0b516-2fb0-4da6-bb4d-a09f438ae96e,3 pairs,487 Perry St
2e3e3236-89fd-4e09-a4c9-babf7675819f,5 pairs,31 Wyckoff Ave
b1dded76-cd60-4222-82cb-f6d464104298,3 pairs,76 Freedom Pl
